[{"model": "admin.logentry", "pk": 1, "fields": {"action_time": "2023-12-28T14:49:00.332Z", "user": 1, "content_type": 9, "object_id": "1", "object_repr": "Main Hall", "action_flag": 1, "change_message": "[{\"added\": {}}]"}}, {"model": "admin.logentry", "pk": 2, "fields": {"action_time": "2023-12-28T14:49:43.873Z", "user": 1, "content_type": 13, "object_id": "2", "object_repr": "dima@gmail.com", "action_flag": 1, "change_message": "[{\"added\": {}}]"}}, {"model": "admin.logentry", "pk": 3, "fields": {"action_time": "2023-12-28T14:50:11.343Z", "user": 1, "content_type": 13, "object_id": "3", "object_repr": "igor@gmail.com", "action_flag": 1, "change_message": "[{\"added\": {}}]"}}, {"model": "admin.logentry", "pk": 4, "fields": {"action_time": "2023-12-28T14:50:31.692Z", "user": 1, "content_type": 13, "object_id": "4", "object_repr": "misha@gmail.com", "action_flag": 1, "change_message": "[{\"added\": {}}]"}}, {"model": "admin.logentry", "pk": 5, "fields": {"action_time": "2023-12-28T14:50:50.562Z", "user": 1, "content_type": 13, "object_id": "5", "object_repr": "mariya@gmail.com", "action_flag": 1, "change_message": "[{\"added\": {}}]"}}, {"model": "admin.logentry", "pk": 6, "fields": {"action_time": "2023-12-28T14:51:10.378Z", "user": 1, "content_type": 13, "object_id": "6", "object_repr": "body@gmail.com", "action_flag": 1, "change_message": "[{\"added\": {}}]"}}, {"model": "admin.logentry", "pk": 7, "fields": {"action_time": "2023-12-28T14:51:24.202Z", "user": 1, "content_type": 13, "object_id": "7", "object_repr": "roman@gmail.com", "action_flag": 1, "change_message": "[{\"added\": {}}]"}}, {"model": "admin.logentry", "pk": 8, "fields": {"action_time": "2023-12-28T14:51:26.578Z", "user": 1, "content_type": 13, "object_id": "7", "object_repr": "roman@gmail.com", "action_flag": 2, "change_message": "[]"}}, {"model": "admin.logentry", "pk": 9, "fields": {"action_time": "2023-12-28T14:52:46.111Z", "user": 1, "content_type": 6, "object_id": "2", "object_repr": "John, Doe", "action_flag": 1, "change_message": "[{\"added\": {}}]"}}, {"model": "admin.logentry", "pk": 10, "fields": {"action_time": "2023-12-28T14:52:58.743Z", "user": 1, "content_type": 6, "object_id": "3", "object_repr": "Emily, Johnson", "action_flag": 1, "change_message": "[{\"added\": {}}]"}}, {"model": "admin.logentry", "pk": 11, "fields": {"action_time": "2023-12-28T14:53:10.766Z", "user": 1, "content_type": 6, "object_id": "4", "object_repr": "Michael, Smith", "action_flag": 1, "change_message": "[{\"added\": {}}]"}}, {"model": "admin.logentry", "pk": 12, "fields": {"action_time": "2023-12-28T14:53:21.577Z", "user": 1, "content_type": 6, "object_id": "5", "object_repr": "Sophia, Williams", "action_flag": 1, "change_message": "[{\"added\": {}}]"}}, {"model": "admin.logentry", "pk": 13, "fields": {"action_time": "2023-12-28T14:55:51.565Z", "user": 1, "content_type": 7, "object_id": "1", "object_repr": "Comedy", "action_flag": 1, "change_message": "[{\"added\": {}}]"}}, {"model": "admin.logentry", "pk": 14, "fields": {"action_time": "2023-12-28T14:56:00.272Z", "user": 1, "content_type": 7, "object_id": "2", "object_repr": "Thriller", "action_flag": 1, "change_message": "[{\"added\": {}}]"}}, {"model": "admin.logentry", "pk": 15, "fields": {"action_time": "2023-12-28T14:56:06.030Z", "user": 1, "content_type": 7, "object_id": "3", "object_repr": "Romance", "action_flag": 1, "change_message": "[{\"added\": {}}]"}}, {"model": "admin.logentry", "pk": 16, "fields": {"action_time": "2023-12-28T14:56:20.416Z", "user": 1, "content_type": 7, "object_id": "4", "object_repr": "Comedy", "action_flag": 1, "change_message": "[{\"added\": {}}]"}}, {"model": "admin.logentry", "pk": 17, "fields": {"action_time": "2023-12-28T14:56:58.829Z", "user": 1, "content_type": 11, "object_id": "1", "object_repr": "The Importance of Being Earnest", "action_flag": 1, "change_message": "[{\"added\": {}}]"}}, {"model": "admin.logentry", "pk": 18, "fields": {"action_time": "2023-12-28T14:57:45.117Z", "user": 1, "content_type": 12, "object_id": "1", "object_repr": "The Importance of Being Earnest, 2023-12-28 14:00:00+00:00", "action_flag": 1, "change_message": "[{\"added\": {}}]"}}, {"model": "admin.logentry", "pk": 19, "fields": {"action_time": "2023-12-28T14:58:46.546Z", "user": 1, "content_type": 8, "object_id": "1", "object_repr": "body@gmail.com, created_at: 2023-12-28 14:58:46.540206+00:00", "action_flag": 1, "change_message": "[{\"added\": {}}, {\"added\": {\"name\": \"ticket\", \"object\": \"The Importance of Being Earnest row 1 seat 2\"}}]"}}, {"model": "admin.logentry", "pk": 20, "fields": {"action_time": "2023-12-28T14:59:39.655Z", "user": 1, "content_type": 11, "object_id": "2", "object_repr": "The Woman in Black", "action_flag": 1, "change_message": "[{\"added\": {}}]"}}, {"model": "admin.logentry", "pk": 21, "fields": {"action_time": "2023-12-28T14:59:58.612Z", "user": 1, "content_type": 8, "object_id": "2", "object_repr": "igor@gmail.com, created_at: 2023-12-28 14:59:58.608207+00:00", "action_flag": 1, "change_message": "[{\"added\": {}}, {\"added\": {\"name\": \"ticket\", \"object\": \"The Importance of Being Earnest row 4 seat 6\"}}]"}}, {"model": "admin.logentry", "pk": 22, "fields": {"action_time": "2023-12-28T15:00:25.796Z", "user": 1, "content_type": 9, "object_id": "2", "object_repr": "VIP Hall", "action_flag": 1, "change_message": "[{\"added\": {}}]"}}, {"model": "admin.logentry", "pk": 23, "fields": {"action_time": "2023-12-28T15:00:39.610Z", "user": 1, "content_type": 9, "object_id": "3", "object_repr": "Open-Air Stage", "action_flag": 1, "change_message": "[{\"added\": {}}]"}}, {"model": "admin.logentry", "pk": 24, "fields": {"action_time": "2023-12-28T15:02:34.452Z", "user": 1, "content_type": 12, "object_id": "2", "object_repr": "The Woman in Black, 2023-12-10 12:00:00+00:00", "action_flag": 1, "change_message": "[{\"added\": {}}]"}}, {"model": "admin.logentry", "pk": 25, "fields": {"action_time": "2023-12-28T15:14:35.402Z", "user": 1, "content_type": 11, "object_id": "3", "object_repr": "Pride and Prejudice", "action_flag": 1, "change_message": "[{\"added\": {}}]"}}, {"model": "admin.logentry", "pk": 26, "fields": {"action_time": "2023-12-28T15:15:48.329Z", "user": 1, "content_type": 11, "object_id": "4", "object_repr": "Romeo and Juliet", "action_flag": 1, "change_message": "[{\"added\": {}}]"}}, {"model": "admin.logentry", "pk": 27, "fields": {"action_time": "2023-12-28T15:15:55.479Z", "user": 1, "content_type": 7, "object_id": "5", "object_repr": "Drama", "action_flag": 1, "change_message": "[{\"added\": {}}]"}}, {"model": "admin.logentry", "pk": 28, "fields": {"action_time": "2023-12-28T15:16:39.809Z", "user": 1, "content_type": 12, "object_id": "3", "object_repr": "Romeo and Juliet, 2023-12-30 19:15:00+00:00", "action_flag": 1, "change_message": "[{\"added\": {}}]"}}, {"model": "admin.logentry", "pk": 29, "fields": {"action_time": "2023-12-28T15:17:18.183Z", "user": 1, "content_type": 9, "object_id": "4", "object_repr": "Small Hall", "action_flag": 1, "change_message": "[{\"added\": {}}]"}}, {"model": "admin.logentry", "pk": 30, "fields": {"action_time": "2023-12-28T15:17:49.523Z", "user": 1, "content_type": 12, "object_id": "4", "object_repr": "The Importance of Being Earnest, 2024-01-01 14:00:00+00:00", "action_flag": 1, "change_message": "[{\"added\": {}}]"}}, {"model": "admin.logentry", "pk": 31, "fields": {"action_time": "2023-12-28T15:18:34.418Z", "user": 1, "content_type": 12, "object_id": "5", "object_repr": "Pride and Prejudice, 2023-11-28 10:00:00+00:00", "action_flag": 1, "change_message": "[{\"added\": {}}]"}}, {"model": "admin.logentry", "pk": 32, "fields": {"action_time": "2023-12-28T15:19:02.509Z", "user": 1, "content_type": 8, "object_id": "3", "object_repr": "mariya@gmail.com, created_at: 2023-12-28 15:19:02.502196+00:00", "action_flag": 1, "change_message": "[{\"added\": {}}, {\"added\": {\"name\": \"ticket\", \"object\": \"Pride and Prejudice row 10 seat 5\"}}, {\"added\": {\"name\": \"ticket\", \"object\": \"The Importance of Being Earnest row 2 seat 5\"}}]"}}, {"model": "admin.logentry", "pk": 33, "fields": {"action_time": "2023-12-28T15:19:17.216Z", "user": 1, "content_type": 8, "object_id": "4", "object_repr": "misha@gmail.com, created_at: 2023-12-28 15:19:17.212046+00:00", "action_flag": 1, "change_message": "[{\"added\": {}}, {\"added\": {\"name\": \"ticket\", \"object\": \"The Woman in Black row 5 seat 9\"}}]"}}, {"model": "admin.logentry", "pk": 34, "fields": {"action_time": "2023-12-28T15:19:37.055Z", "user": 1, "content_type": 8, "object_id": "5", "object_repr": "roman@gmail.com, created_at: 2023-12-28 15:19:37.049394+00:00", "action_flag": 1, "change_message": "[{\"added\": {}}, {\"added\": {\"name\": \"ticket\", \"object\": \"Romeo and Juliet row 6 seat 1\"}}, {\"added\": {\"name\": \"ticket\", \"object\": \"Pride and Prejudice row 3 seat 2\"}}]"}}, {"model": "admin.logentry", "pk": 35, "fields": {"action_time": "2023-12-28T15:19:48.814Z", "user": 1, "content_type": 8, "object_id": "6", "object_repr": "dima@gmail.com, created_at: 2023-12-28 15:19:48.809075+00:00", "action_flag": 1, "change_message": "[{\"added\": {}}, {\"added\": {\"name\": \"ticket\", \"object\": \"The Importance of Being Earnest row 5 seat 7\"}}]"}}, {"model": "admin.logentry", "pk": 36, "fields": {"action_time": "2023-12-28T15:24:34.316Z", "user": 1, "content_type": 8, "object_id": "7", "object_repr": "admin@admin.com, created_at: 2023-12-28 15:24:34.310722+00:00", "action_flag": 1, "change_message": "[{\"added\": {}}, {\"added\": {\"name\": \"ticket\", \"object\": \"Pride and Prejudice row 3 seat 4\"}}, {\"added\": {\"name\": \"ticket\", \"object\": \"Romeo and Juliet row 1 seat 3\"}}]"}}, {"model": "auth.permission", "pk": 1, "fields": {"name": "Can add log entry", "content_type": 1, "codename": "add_logentry"}}, {"model": "auth.permission", "pk": 2, "fields": {"name": "Can change log entry", "content_type": 1, "codename": "change_logentry"}}, {"model": "auth.permission", "pk": 3, "fields": {"name": "Can delete log entry", "content_type": 1, "codename": "delete_logentry"}}, {"model": "auth.permission", "pk": 4, "fields": {"name": "Can view log entry", "content_type": 1, "codename": "view_logentry"}}, {"model": "auth.permission", "pk": 5, "fields": {"name": "Can add permission", "content_type": 2, "codename": "add_permission"}}, {"model": "auth.permission", "pk": 6, "fields": {"name": "Can change permission", "content_type": 2, "codename": "change_permission"}}, {"model": "auth.permission", "pk": 7, "fields": {"name": "Can delete permission", "content_type": 2, "codename": "delete_permission"}}, {"model": "auth.permission", "pk": 8, "fields": {"name": "Can view permission", "content_type": 2, "codename": "view_permission"}}, {"model": "auth.permission", "pk": 9, "fields": {"name": "Can add group", "content_type": 3, "codename": "add_group"}}, {"model": "auth.permission", "pk": 10, "fields": {"name": "Can change group", "content_type": 3, "codename": "change_group"}}, {"model": "auth.permission", "pk": 11, "fields": {"name": "Can delete group", "content_type": 3, "codename": "delete_group"}}, {"model": "auth.permission", "pk": 12, "fields": {"name": "Can view group", "content_type": 3, "codename": "view_group"}}, {"model": "auth.permission", "pk": 13, "fields": {"name": "Can add content type", "content_type": 4, "codename": "add_contenttype"}}, {"model": "auth.permission", "pk": 14, "fields": {"name": "Can change content type", "content_type": 4, "codename": "change_contenttype"}}, {"model": "auth.permission", "pk": 15, "fields": {"name": "Can delete content type", "content_type": 4, "codename": "delete_contenttype"}}, {"model": "auth.permission", "pk": 16, "fields": {"name": "Can view content type", "content_type": 4, "codename": "view_contenttype"}}, {"model": "auth.permission", "pk": 17, "fields": {"name": "Can add session", "content_type": 5, "codename": "add_session"}}, {"model": "auth.permission", "pk": 18, "fields": {"name": "Can change session", "content_type": 5, "codename": "change_session"}}, {"model": "auth.permission", "pk": 19, "fields": {"name": "Can delete session", "content_type": 5, "codename": "delete_session"}}, {"model": "auth.permission", "pk": 20, "fields": {"name": "Can view session", "content_type": 5, "codename": "view_session"}}, {"model": "auth.permission", "pk": 21, "fields": {"name": "Can add actor", "content_type": 6, "codename": "add_actor"}}, {"model": "auth.permission", "pk": 22, "fields": {"name": "Can change actor", "content_type": 6, "codename": "change_actor"}}, {"model": "auth.permission", "pk": 23, "fields": {"name": "Can delete actor", "content_type": 6, "codename": "delete_actor"}}, {"model": "auth.permission", "pk": 24, "fields": {"name": "Can view actor", "content_type": 6, "codename": "view_actor"}}, {"model": "auth.permission", "pk": 25, "fields": {"name": "Can add genre", "content_type": 7, "codename": "add_genre"}}, {"model": "auth.permission", "pk": 26, "fields": {"name": "Can change genre", "content_type": 7, "codename": "change_genre"}}, {"model": "auth.permission", "pk": 27, "fields": {"name": "Can delete genre", "content_type": 7, "codename": "delete_genre"}}, {"model": "auth.permission", "pk": 28, "fields": {"name": "Can view genre", "content_type": 7, "codename": "view_genre"}}, {"model": "auth.permission", "pk": 29, "fields": {"name": "Can add reservation", "content_type": 8, "codename": "add_reservation"}}, {"model": "auth.permission", "pk": 30, "fields": {"name": "Can change reservation", "content_type": 8, "codename": "change_reservation"}}, {"model": "auth.permission", "pk": 31, "fields": {"name": "Can delete reservation", "content_type": 8, "codename": "delete_reservation"}}, {"model": "auth.permission", "pk": 32, "fields": {"name": "Can view reservation", "content_type": 8, "codename": "view_reservation"}}, {"model": "auth.permission", "pk": 33, "fields": {"name": "Can add theatre hall", "content_type": 9, "codename": "add_theatrehall"}}, {"model": "auth.permission", "pk": 34, "fields": {"name": "Can change theatre hall", "content_type": 9, "codename": "change_theatrehall"}}, {"model": "auth.permission", "pk": 35, "fields": {"name": "Can delete theatre hall", "content_type": 9, "codename": "delete_theatrehall"}}, {"model": "auth.permission", "pk": 36, "fields": {"name": "Can view theatre hall", "content_type": 9, "codename": "view_theatrehall"}}, {"model": "auth.permission", "pk": 37, "fields": {"name": "Can add ticket", "content_type": 10, "codename": "add_ticket"}}, {"model": "auth.permission", "pk": 38, "fields": {"name": "Can change ticket", "content_type": 10, "codename": "change_ticket"}}, {"model": "auth.permission", "pk": 39, "fields": {"name": "Can delete ticket", "content_type": 10, "codename": "delete_ticket"}}, {"model": "auth.permission", "pk": 40, "fields": {"name": "Can view ticket", "content_type": 10, "codename": "view_ticket"}}, {"model": "auth.permission", "pk": 41, "fields": {"name": "Can add play", "content_type": 11, "codename": "add_play"}}, {"model": "auth.permission", "pk": 42, "fields": {"name": "Can change play", "content_type": 11, "codename": "change_play"}}, {"model": "auth.permission", "pk": 43, "fields": {"name": "Can delete play", "content_type": 11, "codename": "delete_play"}}, {"model": "auth.permission", "pk": 44, "fields": {"name": "Can view play", "content_type": 11, "codename": "view_play"}}, {"model": "auth.permission", "pk": 45, "fields": {"name": "Can add performance", "content_type": 12, "codename": "add_performance"}}, {"model": "auth.permission", "pk": 46, "fields": {"name": "Can change performance", "content_type": 12, "codename": "change_performance"}}, {"model": "auth.permission", "pk": 47, "fields": {"name": "Can delete performance", "content_type": 12, "codename": "delete_performance"}}, {"model": "auth.permission", "pk": 48, "fields": {"name": "Can view performance", "content_type": 12, "codename": "view_performance"}}, {"model": "auth.permission", "pk": 49, "fields": {"name": "Can add user", "content_type": 13, "codename": "add_user"}}, {"model": "auth.permission", "pk": 50, "fields": {"name": "Can change user", "content_type": 13, "codename": "change_user"}}, {"model": "auth.permission", "pk": 51, "fields": {"name": "Can delete user", "content_type": 13, "codename": "delete_user"}}, {"model": "auth.permission", "pk": 52, "fields": {"name": "Can view user", "content_type": 13, "codename": "view_user"}}, {"model": "contenttypes.contenttype", "pk": 1, "fields": {"app_label": "admin", "model": "logentry"}}, {"model": "contenttypes.contenttype", "pk": 2, "fields": {"app_label": "auth", "model": "permission"}}, {"model": "contenttypes.contenttype", "pk": 3, "fields": {"app_label": "auth", "model": "group"}}, {"model": "contenttypes.contenttype", "pk": 4, "fields": {"app_label": "contenttypes", "model": "contenttype"}}, {"model": "contenttypes.contenttype", "pk": 5, "fields": {"app_label": "sessions", "model": "session"}}, {"model": "contenttypes.contenttype", "pk": 6, "fields": {"app_label": "theatre", "model": "actor"}}, {"model": "contenttypes.contenttype", "pk": 7, "fields": {"app_label": "theatre", "model": "genre"}}, {"model": "contenttypes.contenttype", "pk": 8, "fields": {"app_label": "theatre", "model": "reservation"}}, {"model": "contenttypes.contenttype", "pk": 9, "fields": {"app_label": "theatre", "model": "theatrehall"}}, {"model": "contenttypes.contenttype", "pk": 10, "fields": {"app_label": "theatre", "model": "ticket"}}, {"model": "contenttypes.contenttype", "pk": 11, "fields": {"app_label": "theatre", "model": "play"}}, {"model": "contenttypes.contenttype", "pk": 12, "fields": {"app_label": "theatre", "model": "performance"}}, {"model": "contenttypes.contenttype", "pk": 13, "fields": {"app_label": "user", "model": "user"}}, {"model": "sessions.session", "pk": "35yltpc9dngktz4ffi2dr69mlk7y7xgs", "fields": {"session_data": ".eJxVjEEOwiAQRe_C2pApDJS6dO8ZCMwMtmpKUtqV8e7apAvd_vfef6mYtnWMW5MlTqzOqlOn3y0nesi8A76n-VY11Xldpqx3RR-06WtleV4O9-9gTG381oaEUUIofS6IKCgAgIVosMxApvS-WJe9h84ESwEHkTwEFnAu2M6q9wf4ijfg:1rIrgc:tTyqJ1C64xz2o7-5MAMOtHdxJqeO0QyhetVrrrK-GHs", "expire_date": "2024-01-11T14:48:38.276Z"}}, {"model": "sessions.session", "pk": "wwa21rk0xmprxbmr3pwcel84n34uq4b5", "fields": {"session_data": ".eJxVjEEOwiAQRe_C2pApDJS6dO8ZCMwMtmpKUtqV8e7apAvd_vfef6mYtnWMW5MlTqzOqlOn3y0nesi8A76n-VY11Xldpqx3RR-06WtleV4O9-9gTG381oaEUUIofS6IKCgAgIVosMxApvS-WJe9h84ESwEHkTwEFnAu2M6q9wf4ijfg:1rIrZG:hRHC7csKYQxofrGQ-y02ONZbSi_DCwN6MU77xJS4Elc", "expire_date": "2024-01-11T14:41:02.470Z"}}, {"model": "theatre.theatrehall", "pk": 1, "fields": {"name": "Main Hall", "rows": 10, "seats_in_row": 15}}, {"model": "theatre.theatrehall", "pk": 2, "fields": {"name": "VIP Hall", "rows": 10, "seats_in_row": 20}}, {"model": "theatre.theatrehall", "pk": 3, "fields": {"name": "Open-Air Stage", "rows": 20, "seats_in_row": 25}}, {"model": "theatre.theatrehall", "pk": 4, "fields": {"name": "Small Hall", "rows": 13, "seats_in_row": 11}}, {"model": "theatre.reservation", "pk": 1, "fields": {"created_at": "2023-12-28T14:58:46.540Z", "user": 6}}, {"model": "theatre.reservation", "pk": 2, "fields": {"created_at": "2023-12-28T14:59:58.608Z", "user": 3}}, {"model": "theatre.reservation", "pk": 3, "fields": {"created_at": "2023-12-28T15:19:02.502Z", "user": 5}}, {"model": "theatre.reservation", "pk": 4, "fields": {"created_at": "2023-12-28T15:19:17.212Z", "user": 4}}, {"model": "theatre.reservation", "pk": 5, "fields": {"created_at": "2023-12-28T15:19:37.049Z", "user": 7}}, {"model": "theatre.reservation", "pk": 6, "fields": {"created_at": "2023-12-28T15:19:48.809Z", "user": 2}}, {"model": "theatre.reservation", "pk": 7, "fields": {"created_at": "2023-12-28T15:24:34.310Z", "user": 1}}, {"model": "theatre.actor", "pk": 1, "fields": {"first_name": "Taras", "last_name": "Chukc"}}, {"model": "theatre.actor", "pk": 2, "fields": {"first_name": "John", "last_name": "Doe"}}, {"model": "theatre.actor", "pk": 3, "fields": {"first_name": "Emily", "last_name": "Johnson"}}, {"model": "theatre.actor", "pk": 4, "fields": {"first_name": "Michael", "last_name": "Smith"}}, {"model": "theatre.actor", "pk": 5, "fields": {"first_name": "Sophia", "last_name": "Williams"}}, {"model": "theatre.genre", "pk": 1, "fields": {"name": "Comedy"}}, {"model": "theatre.genre", "pk": 2, "fields": {"name": "Thriller"}}, {"model": "theatre.genre", "pk": 3, "fields": {"name": "Romance"}}, {"model": "theatre.genre", "pk": 4, "fields": {"name": "Comedy"}}, {"model": "theatre.genre", "pk": 5, "fields": {"name": "Drama"}}, {"model": "theatre.play", "pk": 1, "fields": {"title": "The Importance of Being Earnest", "description": "A witty comedy play about mistaken identities.", "actor": [3, 1], "genre": [1]}}, {"model": "theatre.play", "pk": 2, "fields": {"title": "The Woman in Black", "description": "A spine-chilling thriller play about a ghostly woman.", "actor": [5, 1], "genre": [2]}}, {"model": "theatre.play", "pk": 3, "fields": {"title": "Pride and Prejudice", "description": "A classic romance play based on Jane Austen's novel.", "actor": [4, 5], "genre": [3]}}, {"model": "theatre.play", "pk": 4, "fields": {"title": "Romeo and Juliet", "description": "A classic tragic play about forbidden love.", "actor": [3, 2, 4], "genre": [3]}}, {"model": "theatre.performance", "pk": 1, "fields": {"play": 1, "theatre_hall": 1, "show_time": "2023-12-28T14:00:00Z"}}, {"model": "theatre.performance", "pk": 2, "fields": {"play": 2, "theatre_hall": 2, "show_time": "2023-12-10T12:00:00Z"}}, {"model": "theatre.performance", "pk": 3, "fields": {"play": 4, "theatre_hall": 1, "show_time": "2023-12-30T19:15:00Z"}}, {"model": "theatre.performance", "pk": 4, "fields": {"play": 1, "theatre_hall": 4, "show_time": "2024-01-01T14:00:00Z"}}, {"model": "theatre.performance", "pk": 5, "fields": {"play": 3, "theatre_hall": 3, "show_time": "2023-11-28T10:00:00Z"}}, {"model": "theatre.ticket", "pk": 1, "fields": {"row": 1, "seat": 2, "performance": 1, "reservation": 1}}, {"model": "theatre.ticket", "pk": 2, "fields": {"row": 4, "seat": 6, "performance": 1, "reservation": 2}}, {"model": "theatre.ticket", "pk": 3, "fields": {"row": 10, "seat": 5, "performance": 5, "reservation": 3}}, {"model": "theatre.ticket", "pk": 4, "fields": {"row": 2, "seat": 5, "performance": 4, "reservation": 3}}, {"model": "theatre.ticket", "pk": 5, "fields": {"row": 5, "seat": 9, "performance": 2, "reservation": 4}}, {"model": "theatre.ticket", "pk": 6, "fields": {"row": 6, "seat": 1, "performance": 3, "reservation": 5}}, {"model": "theatre.ticket", "pk": 7, "fields": {"row": 3, "seat": 2, "performance": 5, "reservation": 5}}, {"model": "theatre.ticket", "pk": 8, "fields": {"row": 5, "seat": 7, "performance": 4, "reservation": 6}}, {"model": "theatre.ticket", "pk": 9, "fields": {"row": 3, "seat": 4, "performance": 5, "reservation": 7}}, {"model": "theatre.ticket", "pk": 10, "fields": {"row": 1, "seat": 3, "performance": 3, "reservation": 7}}, {"model": "user.user", "pk": 1, "fields": {"password": "pbkdf2_sha256$720000$Udw1tktVQhJIizZH0A4aiv$cC/ixZj50bnaJ2JUIAyA5CfrBcJLlptX1DqQP+gQhas=", "last_login": "2023-12-28T14:48:38.275Z", "is_superuser": true, "first_name": "", "last_name": "", "is_staff": true, "is_active": true, "date_joined": "2023-12-28T14:36:23.248Z", "email": "admin@admin.com", "groups": [], "user_permissions": []}}, {"model": "user.user", "pk": 2, "fields": {"password": "pbkdf2_sha256$720000$kScqvrjAhLTHmIHeXq6628$ET1pWxVeBueVva/rF/mUyPbdLgTOmcIRW4WLoHswaXg=", "last_login": null, "is_superuser": false, "first_name": "", "last_name": "", "is_staff": false, "is_active": true, "date_joined": "2023-12-28T14:49:43.710Z", "email": "dima@gmail.com", "groups": [], "user_permissions": []}}, {"model": "user.user", "pk": 3, "fields": {"password": "pbkdf2_sha256$720000$4GkHRsX3xq3M68sBAOIDWQ$NRzWM7YZwPU/rX5raRjctt7Tu3/CRh//kGdCcrXGLds=", "last_login": null, "is_superuser": false, "first_name": "", "last_name": "", "is_staff": false, "is_active": true, "date_joined": "2023-12-28T14:50:11.177Z", "email": "igor@gmail.com", "groups": [], "user_permissions": []}}, {"model": "user.user", "pk": 4, "fields": {"password": "pbkdf2_sha256$720000$x8dK1ZkbJsHQofXNW6dojo$TcTgbnccLrr72+lONc+iLPFL5TGB6Y0hwvhxnahXoB0=", "last_login": null, "is_superuser": false, "first_name": "", "last_name": "", "is_staff": false, "is_active": true, "date_joined": "2023-12-28T14:50:31.522Z", "email": "misha@gmail.com", "groups": [], "user_permissions": []}}, {"model": "user.user", "pk": 5, "fields": {"password": "pbkdf2_sha256$720000$L4lcYqDmdfkJ3GipmSpZIM$rY7IgaweqlW5grjm1aGAci/nF45dPdRJvaSjgoIFkvI=", "last_login": null, "is_superuser": false, "first_name": "", "last_name": "", "is_staff": false, "is_active": true, "date_joined": "2023-12-28T14:50:50.394Z", "email": "mariya@gmail.com", "groups": [], "user_permissions": []}}, {"model": "user.user", "pk": 6, "fields": {"password": "pbkdf2_sha256$720000$gM0sXPexLsqjEFqHNPxaKR$yWibiMx8V/VbubK964DlsM98eNVyGfcSFdoayD+c22I=", "last_login": null, "is_superuser": false, "first_name": "", "last_name": "", "is_staff": false, "is_active": true, "date_joined": "2023-12-28T14:51:10.211Z", "email": "body@gmail.com", "groups": [], "user_permissions": []}}, {"model": "user.user", "pk": 7, "fields": {"password": "pbkdf2_sha256$720000$8SfHqg3ztwEOYT0QJsqVBj$PIMPuka+EYEmgrjX+daRgwTY5JnVj2ciFF7m3W5nyLQ=", "last_login": null, "is_superuser": false, "first_name": "", "last_name": "", "is_staff": false, "is_active": true, "date_joined": "2023-12-28T14:51:24Z", "email": "roman@gmail.com", "groups": [], "user_permissions": []}}]